met_id,pool_size,pool_size_std_error,experiment_id
3PG,1,0.015,inst1
6PG,1,0.015,inst1
ACCOA,1,0.015,inst1
AKG,1,0.015,inst1
ALA,1,0.015,inst1
ANTHR,1,0.015,inst1
ARG,1,0.015,inst1
ASN,1,0.015,inst1
ASP,1,0.015,inst1
BIOMASS,1,0.015,inst1
CHRM,1,0.015,inst1
CIT,1,0.015,inst1
CO2,1,0.015,inst1
CO2,1,0.015,inst1
CPADR5P,1,0.015,inst1
CYS,1,0.015,inst1
DHAP,1,0.015,inst1
E4P,1,0.015,inst1
F16P,1,0.015,inst1
F6P,1,0.015,inst1
FRU,1,0.015,inst1
G3P,1,0.015,inst1
G6P,1,0.015,inst1
GL,1,0.015,inst1
GLN,1,0.015,inst1
GLU,1,0.015,inst1
GLY,1,0.015,inst1
GLY,1,0.015,inst1
GLYOXY,1,0.015,inst1
HIS,1,0.015,inst1
ILE,1,0.015,inst1
INDG,1,0.015,inst1
ISCIT,1,0.015,inst1
ISV,1,0.015,inst1
LEU,1,0.015,inst1
LYS,1,0.015,inst1
MAL,1,0.015,inst1
MET,1,0.015,inst1
MTHF,1,0.015,inst1
OAA,1,0.015,inst1
PEP,1,0.015,inst1
PHB_B,1,0.015,inst1
PHE,1,0.015,inst1
PRO,1,0.015,inst1
PYR,1,0.015,inst1
R5P,1,0.015,inst1
RU5P,1,0.015,inst1
RUBP,1,0.015,inst1
S7P,1,0.015,inst1
SER,1,0.015,inst1
SHKM,1,0.015,inst1
SUC,1,0.015,inst1
SUCOA,1,0.015,inst1
THR,1,0.015,inst1
TRP,1,0.015,inst1
TYR,1,0.015,inst1
VAL,1,0.015,inst1
X5P,1,0.015,inst1
3PG,1,0.015,inst2
6PG,1,0.015,inst2
ACCOA,1,0.015,inst2
AKG,1,0.015,inst2
ALA,1,0.015,inst2
ANTHR,1,0.015,inst2
ARG,1,0.015,inst2
ASN,1,0.015,inst2
ASP,1,0.015,inst2
BIOMASS,1,0.015,inst2
CHRM,1,0.015,inst2
CIT,1,0.015,inst2
CO2,1,0.015,inst2
CO2,1,0.015,inst2
CPADR5P,1,0.015,inst2
CYS,1,0.015,inst2
DHAP,1,0.015,inst2
E4P,1,0.015,inst2
F16P,1,0.015,inst2
F6P,1,0.015,inst2
FRU,1,0.015,inst2
G3P,1,0.015,inst2
G6P,1,0.015,inst2
GL,1,0.015,inst2
GLN,1,0.015,inst2
GLU,1,0.015,inst2
GLY,1,0.015,inst2
GLY,1,0.015,inst2
GLYOXY,1,0.015,inst2
HIS,1,0.015,inst2
ILE,1,0.015,inst2
INDG,1,0.015,inst2
ISCIT,1,0.015,inst2
ISV,1,0.015,inst2
LEU,1,0.015,inst2
LYS,1,0.015,inst2
MAL,1,0.015,inst2
MET,1,0.015,inst2
MTHF,1,0.015,inst2
OAA,1,0.015,inst2
PEP,1,0.015,inst2
PHB_B,1,0.015,inst2
PHE,1,0.015,inst2
PRO,1,0.015,inst2
PYR,1,0.015,inst2
R5P,1,0.015,inst2
RU5P,1,0.015,inst2
RUBP,1,0.015,inst2
S7P,1,0.015,inst2
SER,1,0.015,inst2
SHKM,1,0.015,inst2
SUC,1,0.015,inst2
SUCOA,1,0.015,inst2
THR,1,0.015,inst2
TRP,1,0.015,inst2
TYR,1,0.015,inst2
VAL,1,0.015,inst2
X5P,1,0.015,inst2
