rxn_id,rxn_eqn
ex_1,FRU.ext (abcdef) -> F6P (abcdef)
ex_2,GLY.ext (abc) -> GLY (abc)
R1,GLY (abc) -> DHAP (abc)
R2,F6P (abcdef) <-> G6P (abcdef)
R4,F16P (abcdef) -> F6P (abcdef)
R5,F16P (abcdef) <-> DHAP (cba) + G3P (def)
R7,DHAP (abc) <-> G3P (abc)
R9,G3P (abc) <-> 3PG (abc)
R11,3PG (abc) <-> PEP (abc)
R13,PEP (abc) <-> PYR (abc)
R15,PYR (abc) -> ACCOA (bc) + CO2 (a)
R16,OAA (abcd) + ACCOA (ef) -> CIT (dcbfea)
R17,CIT (abcdef) <-> ISCIT (abcdef)
R19,ISCIT (abcdef) -> AKG (abcde) + CO2 (f)
R20,AKG (abcde) -> 0.5*SUCOA (bcde) + 0.5*SUCOA (edcb) + CO2 (a)
R21,SUCOA (abcd) -> 0.5*SUC (abcd) + 0.5*SUC (dcba)
R22,SUC (abcd) <-> MAL (abcd)
R24,MAL (abcd) <-> OAA (abcd)
R26,G6P (abcdef) -> 6PG (abcdef)
R27,6PG (abcdef) -> PYR (abc) + G3P (def)
R28,ISCIT (abcdef) -> GLYOXY (ab) + 0.5*SUC (edcf) + 0.5*SUC (fcde)
R29,GLYOXY (ab) + ACCOA (cd) -> MAL (abdc)
R30,MAL (abcd) -> PYR (abc) + CO2 (d)
R31,PEP (abc) + CO2 (d) <-> OAA (abcd)
R33,OAA (abcd) -> PYR (abc) + CO2 (d)
R34,RU5P (abcde) <-> R5P (abcde)
R36,RU5P (abcde) <-> X5P (abcde)
R38,X5P (abcde) + R5P (fghij) <-> G3P (cde) + S7P (abfghij)
R40,S7P (abcdefg) + G3P (hij) <-> E4P (defg) + F6P (abchij)
R42,E4P (fghi) + X5P (abcde) <-> F6P (abfghi) + G3P (cde)
R44,DHAP (efg) + E4P (abcd) -> S7P (gfeabcd)
R45,RU5P (abcde) -> RUBP (abcde)
R46,RUBP (abcde)  + CO2 (f) -> 3PG (fba) + 3PG (cde)
R47,AKG (abcde) -> GLU (abcde)
R48,AKG (abcde) -> PRO (abcde)
R49,AKG (abcde) + CO2 (f) -> ARG (abcdef)
R50,OAA (abcd) -> ASP (abcd)
R51,PYR (abc) -> ALA (abc)
R52,3PG (abc) -> SER (abc)
R53,3PG (abc) -> CYS (abc)
R54,3PG (abc) -> GL (ab) + MTHF (c)   
R55,OAA (abcd) -> GL (ab) + ACCOA (cd)
R56,OAA (abcd) -> THR (abcd)
R57,OAA (abcd) + MTHF (e) -> MET (abcde)
R58,OAA (abcd) + PYR (efg) -> LYS (bcdgfe)  + CO2 (a)
R59,PYR (abc) + PYR (def) -> VAL (abcef) + CO2 (d)
R60,PYR (abc) + PYR (def) -> ISV (abefc) + CO2 (d)
R61,ISV (abcde) + ACCOA (fg) -> LEU (fgbcde) + CO2 (a)
R62,OAA (abcd) + PYR (efg) -> ILE (abfcdg)  + CO2 (e)
R63,E4P (abcd) + PEP (efg) -> SHKM (efgabcd)
R64,SHKM (abcdefg) + PEP (hij) -> CHRM (abcdefghij)
R65,CHRM (abcdefghij) -> PHE (hijbcdefg) + CO2 (a)
R66,CHRM (abcdefghij) -> TYR (hijbcdefg) + CO2 (a)
R67,CHRM (abcdefghij) -> ANTHR (abcdefg) + G3P (hij)
R68,ANTHR (abcdefg) + R5P (hijkl) -> CPADR5P (abcdefghijkl)
R69,CPADR5P (abcdefghijkl) -> INDG (abcdfghijkl) + CO2 (e)
R70,INDG (abcdfghijkl) -> TRP (abcdfghijkl) 
R71,R5P (abcde) + MTHF (f)-> HIS (edcbaf)
R72,ACCOA -> PHB_B
ex_3,CO2 (a) -> CO2.ext (a)
ex_4,2*ALA + 2*ASP + 2*GLY + 2*GLU + 2*HIS + 2*ILE + 2*LEU + 2*MET + 2*PHE + 2*SER + 2*THR + 2*VAL + 2*ARG + 2*LYS + 2*PRO + 2*TYR + 2*ASN + 2*GLN + 2*CYS -> BIOMASS
